{
  "project_info": {
    "project_number": "282920506827",
    "firebase_url": "https://miniprojectfinal.firebaseio.com",
    "project_id": "miniprojectfinal",
    "storage_bucket": "miniprojectfinal.appspot.com"
  },
  "client": [
    {
      "client_info": {
        "mobilesdk_app_id": "1:282920506827:android:b3447f7d35eefb32",
        "android_client_info": {
          "package_name": "com.miniproject.miniproject_final"
        }
      },
      "oauth_client": [
        {
          "client_id": "282920506827-vt874pjl4eu292rcf01n7g0mgd4bplbt.apps.googleusercontent.com",
          "client_type": 1,
          "android_info": {
            "package_name": "com.miniproject.miniproject_final",
            "certificate_hash": "1c3a0e49a1fd52a890d331622f0209d8e1ccb489"
          }
        },
        {
          "client_id": "282920506827-jmivrv90v89e5dq7a44ear8bd8p00rkt.apps.googleusercontent.com",
          "client_type": 3
        }
      ],
      "api_key": [
        {
          "current_key": "AIzaSyBUNF5RWIpl9vXQUY4oIAHEaTRzZI_T33U"
        }
      ],
      "services": {
        "analytics_service": {
          "status": 1
        },
        "appinvite_service": {
          "status": 2,
          "other_platform_oauth_client": [
            {
              "client_id": "282920506827-jmivrv90v89e5dq7a44ear8bd8p00rkt.apps.googleusercontent.com",
              "client_type": 3
            }
          ]
        },
        "ads_service": {
          "status": 2
        }
      }
    },
    {
      "client_info": {
        "mobilesdk_app_id": "1:282920506827:android:799cdc0ded63169d",
        "android_client_info": {
          "package_name": "com.miniproject.mini_project"
        }
      },
      "oauth_client": [
        {
          "client_id": "282920506827-tmnnp3tdro9j128fkgnt6q556thk3822.apps.googleusercontent.com",
          "client_type": 1,
          "android_info": {
            "package_name": "com.miniproject.mini_project",
            "certificate_hash": "1c3a0e49a1fd52a890d331622f0209d8e1ccb489"
          }
        },
        {
          "client_id": "282920506827-jmivrv90v89e5dq7a44ear8bd8p00rkt.apps.googleusercontent.com",
          "client_type": 3
        }
      ],
      "api_key": [
        {
          "current_key": "AIzaSyBUNF5RWIpl9vXQUY4oIAHEaTRzZI_T33U"
        }
      ],
      "services": {
        "analytics_service": {
          "status": 1
        },
        "appinvite_service": {
          "status": 2,
          "other_platform_oauth_client": [
            {
              "client_id": "282920506827-jmivrv90v89e5dq7a44ear8bd8p00rkt.apps.googleusercontent.com",
              "client_type": 3
            }
          ]
        },
        "ads_service": {
          "status": 2
        }
      }
    }
  ],
  "configuration_version": "1"
}