{
  "supplier-info": {
    "supplier": [
      {
        "address" : "Shivajinagar pune",
        "contact" : "9462876348",
        "description" : "Health Care Institutions",
        "email" : "sanjivanihospital@gmail.com",
        "location" : "Health Care Institutions",
        "name" : "Sangivani ",
        "type" : "Hospital "

      },
      {
        "address" : "Paud road kothrud ",
        "contact" : "8964752349",
        "description" : "Total Health Care Service ",
        "email" : "sahyadri@gmail.com",
        "location" : "Total Health Care Service ",
        "name" : "Sahyadri ",
        "type" : "Hospital "

      }
    ]
  }
}
