{
  "supplier-info": {
    "supplier": [
      {
        "address" : "Swargate, pune",
        "contact" : "7507957408",
        "description" : "Provides all kind of home services like Electrical maintenance, plumbing, etc",
        "email" : "home@gmail.com",
        "location" : "Provides all kind of home services like Electrical maintenance, plumbing, etc",
        "name" : "Happy Home Services",
        "type" : "Home Services"

      },
      {

        "address" : "hadapsar, pune",
        "contact" : "7507957408",
        "description" : "Provides all kind of home services at very affordable price",
        "email" : "shree@gmail.com",
        "location" : "Provides all kind of home services at very affordable price",
        "name" : "Shree Services",
        "type" : "Home Services "

      }
    ]
  }
}
