{
  "supplier-info": {
    "supplier": [
      {

        "address" : "Mit College Road, Pune",
        "contact" : "7507957408",
        "description" : "Have 1 BHK flat for rent in Sneh Society... ",
        "email" : "rbjoshi@gmail.com",
        "location" : "Have 1 BHK flat for rent in Sneh Society... ",
        "name" : "R. B Joshi",
        "type" : "Houses on Rent"

      },
      {
        "address" : "Balewadi, Pune",
        "contact" : "7507957408",
        "description" : "2 BHK flat for rent for college students in Supreme Palms",
        "email" : "ppanchbhai@gmail.com",
        "location" : "2 BHK flat for rent for college students in Supreme Palms",
        "name" : "Sunil Panchbhai ",
        "type" : "Houses on Rent"

      }
    ]
  }
}
