{
  "supplier-info": {
    "supplier": [

        {
          "address" : "Paud road, kothrud",
          "contact" : "7507957408",
          "description" : "Good Quality food is provided at very affordable prices. ",
          "email" : "ramu@gmail.com",
          "location" : "Provides all kind of home services like Electrical maintenance, plumbing, etc",

          "name" : "Ramlal",
          "type" : "Mess"
        },
         {
          "address" : "Rambaug Colony, Kothrud",
          "contact" : "7507957408",
          "description" : "Provides good quality lunch and dinner ",
          "email" : "harsha@gmail.com",
           "location" : "Provides all kind of home services like Electrical maintenance, plumbing, etc",

          "name" : "Mamta Mess",
          "type" : "Mess"
        }

        ]
  }
}
