{
  "supplier-info": {
    "supplier": [
      {
        "address" : "Paud Road, Kothrud",
        "contact" : "7507957408",
        "description" : "Repairs all kind of electronic gadgets ",
        "email" : "sid@gmail.com",
        "location" : "Provides all kind of home services like Electrical maintenance, plumbing, etc",

        "name" : "Hind Repair Shop",
        "type" : "Electronics Repair Shop"

      },
      {
        "address" : "Kothrud, Pune",
        "contact" : "7507957408",
        "description" : "As the name suggests, even small electronic devices like chips and ICs are repaired here..! ",
        "email" : "nano@gmail.com",
        "location" : "As the name suggests, even small electronic devices like chips and ICs are repaired here..! ",
        "name" : "Nano Hub",
        "type" : "Electronic Repairs Shop"

      }
    ]
  }
}
