{
  "supplier-info": {
    "supplier": [
      {
        "address" : "Deccan mall pune",
        "contact" : "8456792843",
        "description" : "A Good Food Including Veg And Non-veg",
        "email" : "barbequenation@gmail.com",
        "location" : "A Good Food Including Veg And Non-veg",
        "name" : "Barbeque ",
        "type" : "Restaurant "

      },
      {
        "address" : "Panchashil tech park pune",
        "contact" : "9486234856",
        "description" : "Food Service That Make You Happy ",
        "email" : "exotica@gmail.com",
        "location" : "Food Service That Make You Happy ",
        "name" : "Exotica ",
        "type" : "Restaurant "
      }
    ]
  }
}
